{
	"type": "GenericSmelter",
	"name": "Adamant Forge",
	"description": "Combines Surge Alloy and Blast Compound to produce Adamant.",
	"liquidCapacity": 0,
	"outputItem": {"item": "electrum", "amount": 1},
	"size": 3,
	"hasPower": true,
	"hasLiquids": false,
	"hasItems": true,
	"craftTime": 60,
	"updateEffect": "smeltsmoke",
	"consumes": {
		"power": 0.7,
		"items": {
			"items": [
				{ "item": "surge-alloy", "amount": 2 }
			]
		},
		"Item": {
			"Item": "blast-compound",
			"amount": 1.0
		}
	},
	"requirements": [
		{ "item": "lead", "amount": 50 },
		{ "item": "thorium", "amount": 80 },
		{ "item": "silicon", "amount": 60 },
		{ "item": "silver", "amount": 50 }
	],
	"category": "crafting",
	"research": "alloy-smelter",
	"idleSound": "respawning",
	"idleSoundVolume": 0.5
}